ID_CINEMA;DENOMINAZ;INDIRIZZO;URL;CITTA;CAP;CIRCOSCRIZ;TELEFONO;NUM_SALE;geometry;LATITUDE;LONGITUDE;QUARTIERE;DQUARTIERE;DCIRCOSCRIZ
1;AMBROSIO CINECAFE';CORSO VITTORIO EMANUELE II 52;;TORINO;10123;1;011/540068;3;POINT (7.681386790895645 45.06208084497558);45.06208084497558;7.681386790895645;1;Centro;Centro - Crocetta
3;NAZIONALE;VIA GIUSEPPE POMBA 7;;TORINO;10123;1;011/8124173;2;POINT (7.683356050080292 45.06257316406515);45.06257316406515;7.683356050080292;1;Centro;Centro - Crocetta
4;CENTRALE ARTHOUSE;VIA CARLO ALBERTO 27;;TORINO;10123;1;011/540110;1;POINT (7.684801713169974 45.06633492282958);45.06633492282958;7.684801713169974;1;Centro;Centro - Crocetta
5;GREENWICH VILLAGE;VIA PO 30;;TORINO;10123;1;011/8390123;3;POINT (7.691597196704897 45.0670803658904);45.0670803658904;7.691597196704897;1;Centro;Centro - Crocetta
6;ROMANO;GALLERIA SUBALPINA 3;;TORINO;10123;1;011/5620145;3;POINT (7.686673210234899 45.06961185300643);45.06961185300643;7.686673210234899;1;Centro;Centro - Crocetta
20;EMPIRE;PIAZZA VITTORIO VENETO 5;;TORINO;10124;1;011/19504083;1;POINT (7.694478549032199 45.06610714877891);45.06610714877891;7.694478549032199;1;Centro;Centro - Crocetta
27;IDEAL CITYPLEX;CORSO GIAMBATTISTA BECCARIA 4/A;http://www.idealcityplex.it/;TORINO;10122;1;011/5214316;5;POINT (7.670853489182463 45.07744324683612);45.07744324683612;7.670853489182463;1;Centro;Centro - Crocetta
28;KING KONG MICROPLEX;VIA PO 21;http://www.kingkongmicro.it;TORINO;10124;1;011/19780675;1;POINT (7.689428826199907 45.06884476020399);45.068844760203994;7.689428826199907;1;Centro;Centro - Crocetta
32;MASSIMO;VIA GIUSEPPE VERDI 18;http://www.museocinema.it;TORINO;10124;1;011/8125606;3;POINT (7.692521954668102 45.06827040254269);45.068270402542694;7.692521954668102;1;Centro;Centro - Crocetta
37;REPOSI MULTISALA;VIA VENTI SETTEMBRE 15;http://www.multisalareposi.it/;TORINO;10121;1;011/531400;5;POINT (7.67925288511671 45.06536104547649);45.06536104547649;7.67925288511671;1;Centro;Centro - Crocetta
45;LUX;GALLERIA S. FEDERICO 33;;TORINO;10121;1;011/5628907;3;POINT (7.682727072448658 45.06902973531122);45.06902973531122;7.682727072448658;1;Centro;Centro - Crocetta
51;ALFIERI;PIAZZA SOLFERINO 4;http://www.torinospettacoli.it;TORINO;10121;1;011/5623800;3;POINT (7.677188068372956 45.06980198448484);45.06980198448484;7.677188068372956;1;Centro;Centro - Crocetta
53;REPOSI MULTISALA (EX OLIMPIA);VIA ARSENALE 31;http://www.multisalareposi.it/;TORINO;10121;1;011/532448;2;POINT (7.678057890642855 45.06570449847398);45.065704498473984;7.678057890642855;1;Centro;Centro - Crocetta
8;AGNELLI;VIA PAOLO SARPI 111/A;http://www.teatroagnelli.it/cinema.htm;TORINO;10135;2;011/3161429;1;POINT (7.643311480140142 45.03201889583934);45.032018895839336;7.6433114801401425;12;Mirafiori Nord;Santa Rita - Mirafiori
12;ARLECCHINO;CORSO GERMANO SOMMEILLER 22;;TORINO;10128;1;011/5817190;2;POINT (7.670995781519675 45.05568043495046);45.05568043495046;7.670995781519675;3;Crocetta;Centro - Crocetta
17;CUORE;VIA NIZZA 56;;TORINO;10126;8;011/6687668;1;POINT (7.673725278677276 45.04935368364517);45.049353683645165;7.673725278677276;2;San Salvario;San Salvario - Cavoretto - Borgo Po - Nizza Millefonti - Lingotto - Filadelfia
36;BARETTI;VIA GIUSEPPE BARETTI 4;http://www.cineteatrobaretti.it/;TORINO;10125;8;011/655187;1;POINT (7.679160330671699 45.05816690942135);45.058166909421345;7.679160330671699;2;San Salvario;San Salvario - Cavoretto - Borgo Po - Nizza Millefonti - Lingotto - Filadelfia
18;DUE GIARDINI ARTHOUSE;VIA MONFALCONE 62;http://www.duegiardini.it/;TORINO;10136;2;011/3272214;2;POINT (7.642292662381211 45.0502903265672);45.0502903265672;7.642292662381211;11;Santa Rita;Santa Rita - Mirafiori
19;ELISEO;VIA MONGINEVRO 42/E;;TORINO;10138;3;011/4475241;3;POINT (7.649974663446629 45.06504204249552);45.06504204249552;7.649974663446629;5;Cenisia;San Paolo - Cenisia - Pozzo Strada - Cit Turin - Borgata Lesna
22;ESEDRA;VIA PIETRO BAGETTI 30/A;http://www.esedratorino.it/;TORINO;10138;3;011/4337474;1;POINT (7.662255700539101 45.0746229823658);45.0746229823658;7.6622557005391005;5;Cenisia;San Paolo - Cenisia - Pozzo Strada - Cit Turin - Borgata Lesna
21;ERBA;CORSO MONCALIERI 241;http://www.torinospettacoli.it;TORINO;10133;8;011/6615447;2;POINT (7.681988632661371 45.03834334834895);45.03834334834895;7.681988632661371;22;Borgo Poe Cavoretto;San Salvario - Cavoretto - Borgo Po - Nizza Millefonti - Lingotto - Filadelfia
29;PATHE' LINGOTTO;VIA NIZZA 230;http://www.pathe.it;TORINO;10126;8;011/6677856;11;POINT (7.667714998960114 45.03405481755141);45.03405481755141;7.667714998960114;9;Nizza mille fonti;San Salvario - Cavoretto - Borgo Po - Nizza Millefonti - Lingotto - Filadelfia
31;CITYPLEX MASSAUA;PIAZZA MASSAUA 9;;TORINO;10141;3;011/7740461;5;POINT (7.620065452166461 45.07395834130747);45.073958341307474;7.620065452166461;13;Pozzo Strada;San Paolo - Cenisia - Pozzo Strada - Cit Turin - Borgata Lesna
34;MONTEROSA;VIA BRANDIZZO 65/A;http://www.teatromonterosa.it/;TORINO;10154;6;011/2304153;1;POINT (7.700387410414174 45.09086094384239);45.090860943842394;7.700387410414174;18;Barriera di Milano;Barriera di Milano - Regio Parco - Barca - Bertolla - Falchera - Rebaudengo - Villaretto
49;FRATELLI MARX ARTHOUSE;CORSO BELGIO 53/A;http://www.fratellimarx.it/;TORINO;10153;7;011/8121410;3;POINT (7.70943375837127 45.07245091626314);45.072450916263136;7.70943375837127;8;Vanchiglia;Aurora, Vanchiglia - Sassi - Madonna del Pilone
50;THE SPACE CINEMA TORINO - PARCO DORA;SALITA MICHELANGELO GAROVE 24;http://www.thespacecinema.it/;TORINO;10144;4;892.111;8;POINT (7.66837004201548 45.08767904352975);45.08767904352975;7.66837004201548;6;San Donato;San Donato - Campidoglio - Parella
